Div_ID,Name
1,Baoluan
2,Volzhskiy
3,Xinying
4,Jiangjiazui
5,Papetoai
6,Lonpao Dajah
7,Dailekh
8,Zaraza
9,Eybens
10,Lotoshino
11,Antalaha
12,Phutthaisong
13,Chaupimarca
14,Heilbronn
15,Qal‘eh-ye Khvājeh
16,Lityn
17,Trieste
18,Whittier
19,Baih
20,Lin’an
21,Opařany
22,Sulengwaseng
23,Felgueiras
24,Itinga
25,Clearwater
26,Wydminy
27,Stockholm
28,Huainan
29,Quva
30,Levallois-Perret
31,Eséka
32,Toulon
33,HanHuang
34,Knoxville
35,La Jagua de Ibirico
36,Longwood
37,Schiedam postbusnummers
38,Lanta Timur
39,Wailebe
40,Tempursari Wetan
41,Daqiao
42,Bontoc
43,Benito Juarez
44,Livramento do Brumado
45,Dougang
46,Wulongshan
47,Liljendal
48,Mlandizi
49,Suez
50,Palma De Mallorca
51,Kissónerga
52,Gentilly
53,Inuyama
54,Freiburg im Breisgau
55,Perches
56,Barrio San Luis
57,Totolan
58,San Juan Bautista
59,Comagascas
60,Al Ḩaffah
61,Tampa
62,Baru
63,Cayambe
64,Ochër
65,Capâo Bonito
66,La Cañada
67,Caen
68,Zicheng
69,Iksha
70,Rakhmanovo
71,Yaguarón
72,Surin
73,Narsingdi
74,Malá Strana
75,San Pedro de Atacama
76,Yoiqag
77,Nu’erbage
78,Novorossiysk
79,Bururi
80,Kudowa-Zdrój
81,Besançon
82,Eláteia
83,Jāndiāla Sher Khān
84,Kertasari
85,Jomboy
86,Tyazhinskiy
87,Tymbark
88,Sumbersewu
89,Trawniki
90,Apengjiang
91,Medalem
92,Karengan
93,Līvāni
94,Saint-Jean-de-Monts
95,Ivanava
96,Qingu
97,Krajan Dua Putukrejo
98,Torkanivka
99,Toledo
100,Alcanena
